<?xml version="1.0" encoding="UTF-8"?>
<tour hassounds="0" appversion="7.1.7" apprev="20981" start="node2">
  <panorama id="node2">
    <input levelingpitch="0" leveltileurl="tiles/node2/cf_%c/l_%l/c_%x/tile_%y.jpg" levelingroll="0" overlap="1" levelbiashidpi="1.000" height="2397" levelbias="0.400" width="2397" leveltilesize="510">
      <level height="2397" preload="0" width="2397" predecode="0"/>
      <level height="1198" preload="0" width="1198" predecode="0"/>
      <level height="599" preload="0" width="599" predecode="0"/>
      <level height="299" preload="1" width="299" predecode="1"/>
      <preview strip="1" color="0x808080"/>
    </input>
    <view pannorth="0" fovmode="2">
      <start pan="0" fov="100" tilt="0" projection="4"/>
      <flyin pan="0" fov="170" tilt="-90" projection="9"/>
      <min fovpixel="2" pan="-180" tilt="-47.2795"/>
      <max fovstereographic="330" pan="180" fov="140" tilt="47.2795" fovfisheye="360"/>
    </view>
    <userdata info="" tags="Downloads" description="" nodeid="node2" copyright="" datetime="" title="" comment="" author="" customnodeid="" source="" latitude="" longitude="" heading="0"/>
    <hotspots wordwrap="1" height="20" width="180" smoothmovement="0">
      <label textalpha="1" backgroundcolor="0xffffff" borderradius="1" bordercolor="0x000000" textcolor="0x000000" background="1" border="1" backgroundalpha="1" wordwrap="1" enabled="1" height="20" width="180" borderalpha="1"/>
      <polystyle backgroundcolor="0x0000ff" bordercolor="0x0000ff" mode="0" borderalpha="1" backgroundalpha="0.25098" handcursor="1"/>
    </hotspots>
    <media/>
    <transition zoomafteroutfov="40" delay="none" zoomfov="40" softedge="0" blendcolor="0x000000" blendtime="1" zoomafterinfov="140" type="crossdissolve" zoomin="0" enabled="1" zoomoutpause="1" zoomout="0" zoomspeed="2"/>
    <animation useinautorotation="0" animsequence="Animation01" clipsrandom="0" syncanimationwithvideo="0"/>
    <control speedwheel="1" lockedkeyboard="0" zoomcentercursor="1" lockedwheel="0" rubberband="0" hideabout="0" contextprojections="0" lockedmouse="0" sensitivity="8" simulatemass="1" invertwheel="0" dblclickfullscreen="0" contextfullscreen="1" lockedkeyboardzoom="0" contextvr="1" invertcontrol="1"/>
  </panorama>
  <masternode>
    <userdata author="" tags="" description="" copyright="" title="" comment=""/>
    <animationsequences>
      <sequence title="Animation01"/>
    </animationsequences>
  </masternode>
</tour>
